data,value
Pass  72.22222,72.22222
Fail  27.777779,27.777779
